<?xml version="1.0" encoding="UTF-8"?>
<!DOCTYPE mapper PUBLIC "//mybatis.org/DTD Mapper 3.0//EN" "http://mybatis.org/dtd/mybatis-3-mapper.dtd">
<mapper namespace="member">
	<select id="selectList" resultType="com.example.demo.vo.MemberVO" 
		parameterType="com.example.demo.vo.MemberVO">
	SELECT * FROM MEMBER
		<!-- WHERE 1 = 1 -->
		<where> <!-- dynamic where -->
			<if test="userID != '' and !userID.equals('')">
			AND userID = #{userID}
			</if>
			<if test="password != '' and !password.equals('')">
			AND password = #{password}
			</if>
			<if test="username != '' and !username.equals('')">
			AND username = #{username}
			</if>
			<if test="birthday != '' and !birthday.equals('')">
			AND birthday = #{birthday}
			</if>
			<if test="phoneNum != '' and !phoneNum.equals('')">
			AND phoneNum = #{phoneNum}
			</if>
			<if test="email != '' and !email.equals('')">
			AND email = #{email}
			</if>
			<if test="idx !=null and !idx.equals(null)">
			AND idx = #{idx}
			</if>
		</where>
		
		ORDER BY idx DESC
		
	</select>
	
	<select id="selectOne" parameterType="com.example.demo.vo.MemberVO" resultType="com.example.demo.vo.MemberVO">
		SELECT 
			IDX
			, ISADMIN
			, USERID
			, USERNAME
			, BIRTHDAY
			, PHONENUM
			, EMAIL
			, REGDATE
			, ISUSE
			, DROPDATE
		FROM MEMBER
			WHERE userID = #{userID}
				AND password = STANDARD_HASH(#{password}, 'SHA256')
				AND isUse = 1
				AND DROPDATE IS NULL
	</select>
	
	<select id="checkUserID" parameterType="String" resultType="int">
		SELECT COUNT(*) AS CNT
		FROM MEMBER
			WHERE userID = #{userID}
	</select>
	
	<select id="checkEmail" parameterType="String" resultType="int">
		SELECT COUNT(*) AS CNT
		FROM MEMBER
			WHERE email = #{email}
	</select>
	
	<select id="checkPhoneNum" parameterType="String" resultType="int">
		SELECT COUNT(*) AS CNT
		FROM MEMBER
			WHERE phoneNum = #{phoneNum}
	</select>
	
	<insert id="insert" parameterType="com.example.demo.vo.MemberVO">
		INSERT INTO MEMBER (
			USERID
			, PASSWORD
			, USERNAME
			, BIRTHDAY
			, PHONENUM
			, EMAIL
		) VALUES (
			#{userID}
			, STANDARD_HASH(#{password}, 'SHA256')
			, #{username}
			, #{birthday}
			, #{phoneNum}
			, #{email}
		)
	</insert>
	
	<select id="findID" parameterType="String" resultType="String">
		SELECT
			SUBSTR(userID, 1, 3) || LPAD('*', LENGTH(userID) - 3, '*') AS userID
		FROM MEMBER
			WHERE username = #{username}
			AND email = #{email}
	</select>
	
	<select id="findPW" parameterType="String" resultType="Long">
		SELECT idx FROM MEMBER
		WHERE email = #{email} AND userID = #{userID}
	</select>
	
	<update id="updatePW" parameterType="com.example.demo.vo.MemberVO">
		UPDATE MEMBER SET
			password = STANDARD_HASH(#{password}, 'SHA256')
		WHERE idx = #{idx}
	</update>
</mapper>