<?xml version="1.0" encoding="UTF-8"?>
<!DOCTYPE mapper PUBLIC "//mybatis.org/DTD Mapper 3.0//EN" "http://mybatis.org/dtd/mybatis-3-mapper.dtd">
<mapper namespace="member">
	<select id="selectList" resultType="com.example.demo.vo.MemberVO" parameterType="com.example.demo.vo.MemberVO">
		SELECT * FROM MEMBER
			<where>
				<if test="userID != '' and !userID.equals('')">
				userID = #{userID}
				</if>
				<if test="password != '' and !password.equals('')">
				AND password = #{password}
				</if>
				<if test="username != '' and !username.equals('')">
				AND username = #{username}
				</if>
				<if test="email != '' and !email.equals('')">
				AND email = #{email}
				</if>
				<if test="idx != 0">
				AND idx = #{idx}
				</if>
			</where>
			ORDER BY idx DESC
	</select>
	
	<!-- 되도록이면 select문에 * 적지 말고 컬럼을 입력하자 -->
	<select id="selectOne" parameterType="com.example.demo.vo.MemberVO" resultType="com.example.demo.vo.MemberVO">
		SELECT
			IDX
			, ISADMIN
			, USERID
			, USERNAME
			, EMAIL
			, REGDATE
			, ISUSE
			, DROPDATE
		FROM MEMBER
			WHERE USERID = #{userID}
				AND PASSWORD = STANDARD_HASH(#{password}, 'SHA256')
				AND ISUSE = 1
				AND DROPDATE IS NULL
	</select>
	
	<select id="checkUserID" parameterType="String" resultType="int">
		SELECT COUNT(*) AS CNT
		FROM MEMBER
			WHERE userID = #{userID}
	</select>
	
	<select id="checkEmail" parameterType="String" resultType="int">
		SELECT COUNT(*) AS CNT
		FROM MEMBER
			WHERE email = #{email}
	</select>
	
	<insert id="insert" parameterType="com.example.demo.vo.MemberVO">
		INSERT INTO MEMBER (
			USERID
			, PASSWORD
			, USERNAME
			, EMAIL
		) VALUES (
			#{userID}
			, STANDARD_HASH(#{password}, 'SHA256')
			, #{username}
			, #{email}
		)
	</insert>
	
	<update id="update" parameterType="com.example.demo.vo.MemberVO">
		UPDATE MEMBER 
			<set> <!-- 입력한 값만 골라서 업데이트 가능 -->
				<if test="password != '' and password.equals('')">
					, PASSWORD = STANDARD_HASH(#{password}, 'SHA256')
				</if>
				<if test="username != '' and username.equals('')">
					, USERNAME = #{username}
				</if>
			</set>
		WHERE IDX = #{idx}
	</update>
	
	<delete id="delete" parameterType="com.example.demo.vo.MemberVO">
		DELETE FROM MEMBER
			WHERE IDX = #{idx}
	</delete>
	
	<update id="memberDrop" parameterType="Long">
		UPDATE MEMBER SET
			ISUSE = 0
			, DROPDATE = SYSDATE
		WHERE IDX = #{idx}
	</update>
	
</mapper>