<?xml version="1.0" encoding="UTF-8"?>
<!DOCTYPE mapper PUBLIC "//mybatis.org/DTD Mapper 3.0//EN" "http://mybatis.org/dtd/mybatis-3-mapper.dtd">
<mapper namespace="com.emample.demo.mapper.BoardMapper">
	<!-- c: insert -->
	<insert
		id="insertBoard"
		parameterType="com.example.demo.vo.BoardVO"
		useGeneratedKeys="true"
		keyColumn="idx"
		keyProperty="idx">
		INSERT INTO BOARD (
			CATE
			, TITLE
			, CONTENT
			, REGID
			, UPDID
		) VALUES (
			#{cate}
			, #{title}
			, #{content}
			, #{regID}
			, #{updID}
		)
	</insert>
	
	<!-- r: select list -->
	<select
		id="selectList"
		parameterType="com.example.demo.vo.BoardVO"
		resultType="com.example.demo.vo.BoardVO">
		SELECT * FROM BOARD
		<where>
			<if test="${cate ne '' and !cate.equals('')">
				and cate = #{cate}
			</if>
			<if test="${title ne '' and !title.equals('')">
				and title LIKE '%' || #{title} || '%'
			</if>
		</where>
	</select>
	
	<select
		id="selectOne"
		parameterType="Long"
		resultType="com.example.demo.vo.BoardVO">
		SELECT * FROM BOARD WHERE IDX = #{idx}
	</select>
	
	<!-- u: update -->
	<update
		id="update"
		parameterType="com.example.demo.vo.BoardVO">
		UPDATE BOARD
		<set>
			<if test="cate != '' and != cate.equals('')">
				, cate = #{cate}
			</if>
			<if test="title != '' and != title.equals('')">
				, title = #{title}
			</if>
			<if test="content != '' and != content.equals('')">
				, content = #{content}
			</if>
			<if test="updID != '' and != updID.equals('')">
				, updID = #{updID}
			</if>
		</set>
		, updDate = SYSDATE
		WHERE IDX = #{idx}
	</update>
	
	<!-- d: delete -->
	<delete
		id="delete"
		parameterType="Long">
		DELETE FROM MEMBER WHERE IDX = #{idx}
	</delete>
	
</mapper>