<?xml version="1.0" encoding="UTF-8"?>
<!DOCTYPE mapper PUBLIC "//mybatis.org/DTD Mapper 3.0//EN" "http://mybatis.org/dtd/mybatis-3-mapper.dtd">
<mapper namespace="member">
	<select id="selectList" resultType="com.example.demo.vo.MemberVO" parameterType="com.example.demo.vo.MemberVO">
	SELECT * FROM MEMBER
		<!-- WHERE 1 = 1 -->
		<where> <!-- dynamic where -->
			<if test="userID != '' and !userID.equals('')">
			AND userID = #{userID}
			</if>
			<if test="password != '' and !password.equals('')">
			AND password = #{password}
			</if>
			<if test="username != '' and !username.equals('')">
			AND username = #{username}
			</if>
			<if test="email != '' and !email.equals('')">
			AND email = #{email}
			</if>
			<if test="idx !=null and !idx.equals(null)">
			AND idx = #{idx}
			</if>
		</where>
		
		ORDER BY idx DESC
		
	</select>
	<select id="selectOne" parameterType="com.example.demo.vo.MemberVO" resultType="com.example.demo.vo.MemberVO">
		SELECT 
			IDX
			, ISADMIN
			, USERID
			, USERNAME
			, EMAIL
			, REGDATE
			, ISUSE
			, DROPDATE
		FROM MEMBER
			WHERE userID = #{userID}
				AND password = STANDARD_HASH(#{password}, 'SHA256')
	</select>
	
	<insert id="insert" parameterType="com.example.demo.vo.MemberVO">
		INSERT INTO MEMBER (
			USERID
			, PASSWORD
			, USERNAME
			, EMAIL
		)
		VALUES (
			#{userID}
			, STANDARD_HASH(#{password}, 'SHA256')
			, #{username}
			, #{email}
		)
	</insert>
	
	<update id="update" parameterType="com.example.demo.vo.MemberVO">
		UPDATE MEMBER SET
			<set>
			ISADMIN = ${isAdmin}
				<if test="password != '' and !password.equals('')">
					, PASSWORD = STANDARD_HASH(#{password}, 'SHA256')
				</if>
				<if test="username != '' and !username.equals('')">
					, USERNAME = #{username}
				</if>
			, ISUSE = #{isUse}
			, DROPDATE = #{dropDate}
			</set>
		WHERE idx = #{idx}
	</update>
	
	<delete id="delete" parameterType="com.example.demo.vo.MemberVO">
		DELETE FROM MEMBER
		WHERE idx = #{idx}
	</delete>

	<update id="memberDrop" parameterType="Long">
		UPDATE MEMBER SET
			ISUSE = 0
			, DROPDATE IS NOT NULL
		WHERE IDX = #{idx}
	</update>	
</mapper>